Date/Time,Ambient_Temperature,Wind_Speed,Cloud_Cover,Humidity,Hour
2026-10-06 00:00:00,22.6,6.5,2,68,0
2026-10-06 01:00:00,22.3,6.5,1,69,1
2026-10-06 02:00:00,21.8,5.4,0,73,2
2026-10-06 03:00:00,21.3,5.6,0,76,3
2026-10-06 04:00:00,20.8,5.6,0,79,4
2026-10-06 05:00:00,20.4,5.6,0,82,5
2026-10-06 06:00:00,20.2,5.1,0,84,6
2026-10-06 07:00:00,22.4,4.9,0,77,7
2026-10-06 08:00:00,25.1,2.9,0,71,8
2026-10-06 09:00:00,27.5,3.8,0,63,9
2026-10-06 10:00:00,29.5,6.2,0,54,10
2026-10-06 11:00:00,30.7,6.5,0,48,11
2026-10-06 12:00:00,31.5,6.3,0,44,12
2026-10-06 13:00:00,31.9,5.3,14,40,13
2026-10-06 14:00:00,31.8,4.8,11,39,14
2026-10-06 15:00:00,31.7,4.9,11,39,15
2026-10-06 16:00:00,31.2,4.6,5,42,16
2026-10-06 17:00:00,29.4,2.9,1,63,17
2026-10-06 18:00:00,27.3,4.0,2,61,18
2026-10-06 19:00:00,26.3,4.4,2,63,19
2026-10-06 20:00:00,25.6,1.8,0,65,20
2026-10-06 21:00:00,24.9,1.7,1,69,21
2026-10-06 22:00:00,24.7,1.6,2,70,22
2026-10-06 23:00:00,24.6,0.3,2,70,23
2025-09-03 00:00:00,23.9,4.7,100,95,0
2025-09-03 01:00:00,23.8,6.0,100,96,1
2025-09-03 02:00:00,23.6,5.6,100,96,2
2025-09-03 03:00:00,23.5,5.0,98,96,3
2025-09-03 04:00:00,23.3,4.7,100,96,4
2025-09-03 05:00:00,23.3,4.9,100,96,5
2025-09-03 06:00:00,23.3,5.8,100,95,6
2025-09-03 07:00:00,23.4,7.7,100,94,7
2025-09-03 08:00:00,23.5,8.2,100,93,8
2025-09-03 09:00:00,23.7,9.2,98,93,9
2025-09-03 10:00:00,24.7,13.2,98,88,10
2025-09-03 11:00:00,24.5,11.6,100,91,11
2025-09-03 12:00:00,24.7,9.1,100,89,12
2025-09-03 13:00:00,25.1,7.8,100,90,13
2025-09-03 14:00:00,25.2,7.1,100,90,14
2025-09-03 15:00:00,24.9,6.6,100,92,15
2025-09-03 16:00:00,24.6,5.2,100,95,16
2025-09-03 17:00:00,24.4,5.8,100,96,17
2025-09-03 18:00:00,24.2,4.5,100,95,18
2025-09-03 19:00:00,24.0,3.0,100,95,19
2025-09-03 20:00:00,24.1,4.0,100,96,20
2025-09-03 21:00:00,24.0,2.9,100,96,21
2025-09-03 22:00:00,23.8,4.0,100,96,22
2025-09-03 23:00:00,23.6,4.7,100,97,23
