Date/Time,Ambient_Temperature,Wind_Speed,Solar_Irradiance,Cloud_Cover,Humidity
2026-10-05T00:00,24.0,9.3,0.0,4,56
2026-10-05T01:00,23.6,9.9,0.0,0,58
2026-10-05T02:00,22.9,8.3,0.0,0,64
2026-10-05T03:00,22.3,7.0,0.0,0,69
2026-10-05T04:00,22.0,6.9,0.0,0,71
2026-10-05T05:00,22.0,7.6,0.0,0,69
2026-10-05T06:00,21.7,6.8,1.0,0,70
2026-10-05T07:00,23.3,7.5,95.0,0,68
2026-10-05T08:00,25.6,5.2,300.0,0,63
2026-10-05T09:00,27.6,7.1,513.0,0,58
2026-10-05T10:00,29.4,8.3,692.0,0,52
2026-10-05T11:00,31.5,9.1,812.0,23,41
2026-10-05T12:00,31.9,7.7,796.0,22,37
2026-10-05T13:00,31.8,7.0,739.0,19,37
2026-10-05T14:00,31.7,6.9,659.0,33,37
2026-10-05T15:00,31.2,7.1,507.0,14,39
2026-10-05T16:00,30.4,7.8,350.0,11,46
2026-10-05T17:00,28.6,8.7,157.0,9,51
2026-10-05T18:00,27.4,8.9,16.0,2,47
2026-10-05T19:00,26.1,6.9,0.0,2,52
2026-10-05T20:00,25.0,6.0,0.0,3,59
2026-10-05T21:00,24.2,6.0,0.0,2,64
2026-10-05T22:00,23.6,6.0,0.0,1,66
2026-10-05T23:00,23.3,7.3,0.0,2,66
2026-10-06T00:00,22.6,6.5,0.0,2,68
2026-10-06T01:00,22.3,6.5,0.0,1,69
2026-10-06T02:00,21.8,5.4,0.0,0,73
2026-10-06T03:00,21.3,5.6,0.0,0,76
2026-10-06T04:00,20.8,5.6,0.0,0,79
2026-10-06T05:00,20.4,5.6,0.0,0,82
2026-10-06T06:00,20.2,5.1,1.0,0,84
2026-10-06T07:00,22.4,4.9,95.0,0,77
2026-10-06T08:00,25.1,2.9,301.0,0,71
2026-10-06T09:00,27.5,3.8,514.0,0,63
2026-10-06T10:00,29.5,6.2,691.0,0,54
2026-10-06T11:00,30.7,6.5,810.0,0,48
2026-10-06T12:00,31.5,6.3,859.0,0,44
2026-10-06T13:00,31.9,5.3,839.0,14,40
2026-10-06T14:00,31.8,4.8,695.0,11,39
2026-10-06T15:00,31.7,4.9,546.0,11,39
2026-10-06T16:00,31.2,4.6,362.0,5,42
2026-10-06T17:00,29.4,2.9,158.0,1,63
2026-10-06T18:00,27.3,4.0,15.0,2,61
2026-10-06T19:00,26.3,4.4,0.0,2,63
2026-10-06T20:00,25.6,1.8,0.0,0,65
2026-10-06T21:00,24.9,1.7,0.0,1,69
2026-10-06T22:00,24.7,1.6,0.0,2,70
2026-10-06T23:00,24.6,0.3,0.0,2,70
